sample,fastq_1,fastq_2,strandedness
797scram_rep0,/datastore/nextgenout2/HTSF/IMGF/240828_UNC41-A00434_0788_AHLTKKDSXC/15_797scramsiRNA-IMGF_Jensen_15__797_scrambledsiRNA_CGGTTACGGC-CTATAGTCTT_S7_L004_R1_001.fastq.gz,/datastore/nextgenout2/HTSF/IMGF/240828_UNC41-A00434_0788_AHLTKKDSXC/15_797scramsiRNA-IMGF_Jensen_15__797_scrambledsiRNA_CGGTTACGGC-CTATAGTCTT_S7_L004_R2_001.fastq.gz,auto
1015scram_rep0,/datastore/nextgenout2/HTSF/IMGF/240828_UNC41-A00434_0788_AHLTKKDSXC/17_1015scrmsiRNA-IMGF_Jensen_17_1015_scrambledsiRNA_GACTGAGTAG-CACTATCAAC_S9_L004_R1_001.fastq.gz,/datastore/nextgenout2/HTSF/IMGF/240828_UNC41-A00434_0788_AHLTKKDSXC/17_1015scrmsiRNA-IMGF_Jensen_17_1015_scrambledsiRNA_GACTGAGTAG-CACTATCAAC_S9_L004_R2_001.fastq.gz,auto
14169scram_rep0,/datastore/nextgenout2/HTSF/IMGF/240828_UNC41-A00434_0788_AHLTKKDSXC/19_141scramsiRNA-IMGF_Jensen_19_14169_scrambledsiRNA_CCGTATGTTC-ACAGTGTATG_S11_L004_R1_001.fastq.gz,/datastore/nextgenout2/HTSF/IMGF/240828_UNC41-A00434_0788_AHLTKKDSXC/19_141scramsiRNA-IMGF_Jensen_19_14169_scrambledsiRNA_CCGTATGTTC-ACAGTGTATG_S11_L004_R2_001.fastq.gz,auto
PER403scram_rep0,/datastore/nextgenout2/HTSF/IMGF/240828_UNC41-A00434_0788_AHLTKKDSXC/21_PERscramsiRNA-IMGF_Jensen_21_PER403_scrambledsiRNA_CCATCATTAG-AGAGGCAACC_S14_L004_R1_001.fastq.gz,/datastore/nextgenout2/HTSF/IMGF/240828_UNC41-A00434_0788_AHLTKKDSXC/21_PERscramsiRNA-IMGF_Jensen_21_PER403_scrambledsiRNA_CCATCATTAG-AGAGGCAACC_S14_L004_R2_001.fastq.gz,auto
797scram_rep1,/datastore/nextgenout5/share/labs/rubinsteyn_lab/rubinsteyn_lab/public/pirl/members/skpet/NUTM1_CTA/data/source_data/RNA/250115_UNC41-A00434_0803_AHNH2WDRX5/797_Ctl1-Jensen_797_Ctl1_GAACTGAGCG-CGCTCCACGA_S13_L001_R1_001.fastq.gz,/datastore/nextgenout5/share/labs/rubinsteyn_lab/rubinsteyn_lab/public/pirl/members/skpet/NUTM1_CTA/data/source_data/RNA/250115_UNC41-A00434_0803_AHNH2WDRX5/797_Ctl1-Jensen_797_Ctl1_GAACTGAGCG-CGCTCCACGA_S13_L001_R2_001.fastq.gz,auto
797scram_rep1,/datastore/nextgenout5/share/labs/rubinsteyn_lab/rubinsteyn_lab/public/pirl/members/skpet/NUTM1_CTA/data/source_data/RNA/250115_UNC41-A00434_0803_AHNH2WDRX5/797_Ctl1-Jensen_797_Ctl1_GAACTGAGCG-CGCTCCACGA_S13_L002_R1_001.fastq.gz,/datastore/nextgenout5/share/labs/rubinsteyn_lab/rubinsteyn_lab/public/pirl/members/skpet/NUTM1_CTA/data/source_data/RNA/250115_UNC41-A00434_0803_AHNH2WDRX5/797_Ctl1-Jensen_797_Ctl1_GAACTGAGCG-CGCTCCACGA_S13_L002_R2_001.fastq.gz,auto
797scram_rep2,/datastore/nextgenout5/share/labs/rubinsteyn_lab/rubinsteyn_lab/public/pirl/members/skpet/NUTM1_CTA/data/source_data/RNA/250115_UNC41-A00434_0803_AHNH2WDRX5/797_Ctl2-Jensen_797_Ctl2_AGGTCAGATA-TATCTTGTAG_S14_L001_R1_001.fastq.gz,/datastore/nextgenout5/share/labs/rubinsteyn_lab/rubinsteyn_lab/public/pirl/members/skpet/NUTM1_CTA/data/source_data/RNA/250115_UNC41-A00434_0803_AHNH2WDRX5/797_Ctl2-Jensen_797_Ctl2_AGGTCAGATA-TATCTTGTAG_S14_L001_R2_001.fastq.gz,auto
797scram_rep2,/datastore/nextgenout5/share/labs/rubinsteyn_lab/rubinsteyn_lab/public/pirl/members/skpet/NUTM1_CTA/data/source_data/RNA/250115_UNC41-A00434_0803_AHNH2WDRX5/797_Ctl2-Jensen_797_Ctl2_AGGTCAGATA-TATCTTGTAG_S14_L002_R1_001.fastq.gz,/datastore/nextgenout5/share/labs/rubinsteyn_lab/rubinsteyn_lab/public/pirl/members/skpet/NUTM1_CTA/data/source_data/RNA/250115_UNC41-A00434_0803_AHNH2WDRX5/797_Ctl2-Jensen_797_Ctl2_AGGTCAGATA-TATCTTGTAG_S14_L002_R2_001.fastq.gz,auto
797scram_rep3,/datastore/nextgenout5/share/labs/rubinsteyn_lab/rubinsteyn_lab/public/pirl/members/skpet/NUTM1_CTA/data/source_data/RNA/250115_UNC41-A00434_0803_AHNH2WDRX5/797_Ctl3-Jensen_797_Ctl3_CGACATCCGA-AATGAACGTA_S15_L001_R1_001.fastq.gz,/datastore/nextgenout5/share/labs/rubinsteyn_lab/rubinsteyn_lab/public/pirl/members/skpet/NUTM1_CTA/data/source_data/RNA/250115_UNC41-A00434_0803_AHNH2WDRX5/797_Ctl3-Jensen_797_Ctl3_CGACATCCGA-AATGAACGTA_S15_L001_R2_001.fastq.gz,auto
797scram_rep3,/datastore/nextgenout5/share/labs/rubinsteyn_lab/rubinsteyn_lab/public/pirl/members/skpet/NUTM1_CTA/data/source_data/RNA/250115_UNC41-A00434_0803_AHNH2WDRX5/797_Ctl3-Jensen_797_Ctl3_CGACATCCGA-AATGAACGTA_S15_L002_R1_001.fastq.gz,/datastore/nextgenout5/share/labs/rubinsteyn_lab/rubinsteyn_lab/public/pirl/members/skpet/NUTM1_CTA/data/source_data/RNA/250115_UNC41-A00434_0803_AHNH2WDRX5/797_Ctl3-Jensen_797_Ctl3_CGACATCCGA-AATGAACGTA_S15_L002_R2_001.fastq.gz,auto
1015scram_rep1,/datastore/nextgenout5/share/labs/rubinsteyn_lab/rubinsteyn_lab/public/pirl/members/skpet/NUTM1_CTA/data/source_data/RNA/250115_UNC41-A00434_0803_AHNH2WDRX5/1015_Ctl1-Jensen_1015_Ctl1_CTAGTGCTCT-TACTGTTCCA_S7_L001_R1_001.fastq.gz,/datastore/nextgenout5/share/labs/rubinsteyn_lab/rubinsteyn_lab/public/pirl/members/skpet/NUTM1_CTA/data/source_data/RNA/250115_UNC41-A00434_0803_AHNH2WDRX5/1015_Ctl1-Jensen_1015_Ctl1_CTAGTGCTCT-TACTGTTCCA_S7_L001_R2_001.fastq.gz,auto
1015scram_rep1,/datastore/nextgenout5/share/labs/rubinsteyn_lab/rubinsteyn_lab/public/pirl/members/skpet/NUTM1_CTA/data/source_data/RNA/250115_UNC41-A00434_0803_AHNH2WDRX5/1015_Ctl1-Jensen_1015_Ctl1_CTAGTGCTCT-TACTGTTCCA_S7_L002_R1_001.fastq.gz,/datastore/nextgenout5/share/labs/rubinsteyn_lab/rubinsteyn_lab/public/pirl/members/skpet/NUTM1_CTA/data/source_data/RNA/250115_UNC41-A00434_0803_AHNH2WDRX5/1015_Ctl1-Jensen_1015_Ctl1_CTAGTGCTCT-TACTGTTCCA_S7_L002_R2_001.fastq.gz,auto
1015scram_rep2,/datastore/nextgenout5/share/labs/rubinsteyn_lab/rubinsteyn_lab/public/pirl/members/skpet/NUTM1_CTA/data/source_data/RNA/250115_UNC41-A00434_0803_AHNH2WDRX5/1015_Ctl2-Jensen_1015_Ctl2_GATCAAGGCA-ATTAACAAGG_S8_L001_R1_001.fastq.gz,/datastore/nextgenout5/share/labs/rubinsteyn_lab/rubinsteyn_lab/public/pirl/members/skpet/NUTM1_CTA/data/source_data/RNA/250115_UNC41-A00434_0803_AHNH2WDRX5/1015_Ctl2-Jensen_1015_Ctl2_GATCAAGGCA-ATTAACAAGG_S8_L001_R2_001.fastq.gz,auto
1015scram_rep2,/datastore/nextgenout5/share/labs/rubinsteyn_lab/rubinsteyn_lab/public/pirl/members/skpet/NUTM1_CTA/data/source_data/RNA/250115_UNC41-A00434_0803_AHNH2WDRX5/1015_Ctl2-Jensen_1015_Ctl2_GATCAAGGCA-ATTAACAAGG_S8_L002_R1_001.fastq.gz,/datastore/nextgenout5/share/labs/rubinsteyn_lab/rubinsteyn_lab/public/pirl/members/skpet/NUTM1_CTA/data/source_data/RNA/250115_UNC41-A00434_0803_AHNH2WDRX5/1015_Ctl2-Jensen_1015_Ctl2_GATCAAGGCA-ATTAACAAGG_S8_L002_R2_001.fastq.gz,auto
1015scram_rep3,/datastore/nextgenout5/share/labs/rubinsteyn_lab/rubinsteyn_lab/public/pirl/members/skpet/NUTM1_CTA/data/source_data/RNA/250115_UNC41-A00434_0803_AHNH2WDRX5/1015_Ctl3-Jensen_1015_Ctl3_GACTGAGTAG-CACTATCAAC_S9_L001_R1_001.fastq.gz,/datastore/nextgenout5/share/labs/rubinsteyn_lab/rubinsteyn_lab/public/pirl/members/skpet/NUTM1_CTA/data/source_data/RNA/250115_UNC41-A00434_0803_AHNH2WDRX5/1015_Ctl3-Jensen_1015_Ctl3_GACTGAGTAG-CACTATCAAC_S9_L001_R2_001.fastq.gz,auto
1015scram_rep3,/datastore/nextgenout5/share/labs/rubinsteyn_lab/rubinsteyn_lab/public/pirl/members/skpet/NUTM1_CTA/data/source_data/RNA/250115_UNC41-A00434_0803_AHNH2WDRX5/1015_Ctl3-Jensen_1015_Ctl3_GACTGAGTAG-CACTATCAAC_S9_L002_R1_001.fastq.gz,/datastore/nextgenout5/share/labs/rubinsteyn_lab/rubinsteyn_lab/public/pirl/members/skpet/NUTM1_CTA/data/source_data/RNA/250115_UNC41-A00434_0803_AHNH2WDRX5/1015_Ctl3-Jensen_1015_Ctl3_GACTGAGTAG-CACTATCAAC_S9_L002_R2_001.fastq.gz,auto
14169scram_rep1,/datastore/nextgenout5/share/labs/rubinsteyn_lab/rubinsteyn_lab/public/pirl/members/skpet/NUTM1_CTA/data/source_data/RNA/250115_UNC41-A00434_0803_AHNH2WDRX5/14169_Ctl1-Jensen_14169_Ctl1_CTTGCCATTA-CCTTCGTGAT_S26_L001_R1_001.fastq.gz,/datastore/nextgenout5/share/labs/rubinsteyn_lab/rubinsteyn_lab/public/pirl/members/skpet/NUTM1_CTA/data/source_data/RNA/250115_UNC41-A00434_0803_AHNH2WDRX5/14169_Ctl1-Jensen_14169_Ctl1_CTTGCCATTA-CCTTCGTGAT_S26_L001_R2_001.fastq.gz,auto
14169scram_rep1,/datastore/nextgenout5/share/labs/rubinsteyn_lab/rubinsteyn_lab/public/pirl/members/skpet/NUTM1_CTA/data/source_data/RNA/250115_UNC41-A00434_0803_AHNH2WDRX5/14169_Ctl1-Jensen_14169_Ctl1_CTTGCCATTA-CCTTCGTGAT_S26_L002_R1_001.fastq.gz,/datastore/nextgenout5/share/labs/rubinsteyn_lab/rubinsteyn_lab/public/pirl/members/skpet/NUTM1_CTA/data/source_data/RNA/250115_UNC41-A00434_0803_AHNH2WDRX5/14169_Ctl1-Jensen_14169_Ctl1_CTTGCCATTA-CCTTCGTGAT_S26_L002_R2_001.fastq.gz,auto
14169scram_rep2,/datastore/nextgenout5/share/labs/rubinsteyn_lab/rubinsteyn_lab/public/pirl/members/skpet/NUTM1_CTA/data/source_data/RNA/250115_UNC41-A00434_0803_AHNH2WDRX5/14169_Ctl2-Jensen_14169_Ctl2_GAAGCGGCAC-AGTAGAGCCG_S27_L001_R1_001.fastq.gz,/datastore/nextgenout5/share/labs/rubinsteyn_lab/rubinsteyn_lab/public/pirl/members/skpet/NUTM1_CTA/data/source_data/RNA/250115_UNC41-A00434_0803_AHNH2WDRX5/14169_Ctl2-Jensen_14169_Ctl2_GAAGCGGCAC-AGTAGAGCCG_S27_L001_R2_001.fastq.gz,auto
14169scram_rep2,/datastore/nextgenout5/share/labs/rubinsteyn_lab/rubinsteyn_lab/public/pirl/members/skpet/NUTM1_CTA/data/source_data/RNA/250115_UNC41-A00434_0803_AHNH2WDRX5/14169_Ctl2-Jensen_14169_Ctl2_GAAGCGGCAC-AGTAGAGCCG_S27_L002_R1_001.fastq.gz,/datastore/nextgenout5/share/labs/rubinsteyn_lab/rubinsteyn_lab/public/pirl/members/skpet/NUTM1_CTA/data/source_data/RNA/250115_UNC41-A00434_0803_AHNH2WDRX5/14169_Ctl2-Jensen_14169_Ctl2_GAAGCGGCAC-AGTAGAGCCG_S27_L002_R2_001.fastq.gz,auto
14169scram_rep3,/datastore/nextgenout5/share/labs/rubinsteyn_lab/rubinsteyn_lab/public/pirl/members/skpet/NUTM1_CTA/data/source_data/RNA/250115_UNC41-A00434_0803_AHNH2WDRX5/14169_Ctl3-Jensen_14169_Ctl3_TCCATTGCCG-TCGTGCATTC_S28_L001_R1_001.fastq.gz,/datastore/nextgenout5/share/labs/rubinsteyn_lab/rubinsteyn_lab/public/pirl/members/skpet/NUTM1_CTA/data/source_data/RNA/250115_UNC41-A00434_0803_AHNH2WDRX5/14169_Ctl3-Jensen_14169_Ctl3_TCCATTGCCG-TCGTGCATTC_S28_L001_R2_001.fastq.gz,auto
14169scram_rep3,/datastore/nextgenout5/share/labs/rubinsteyn_lab/rubinsteyn_lab/public/pirl/members/skpet/NUTM1_CTA/data/source_data/RNA/250115_UNC41-A00434_0803_AHNH2WDRX5/14169_Ctl3-Jensen_14169_Ctl3_TCCATTGCCG-TCGTGCATTC_S28_L002_R1_001.fastq.gz,/datastore/nextgenout5/share/labs/rubinsteyn_lab/rubinsteyn_lab/public/pirl/members/skpet/NUTM1_CTA/data/source_data/RNA/250115_UNC41-A00434_0803_AHNH2WDRX5/14169_Ctl3-Jensen_14169_Ctl3_TCCATTGCCG-TCGTGCATTC_S28_L002_R2_001.fastq.gz,auto
JCM1scram_rep1,/datastore/nextgenout5/share/labs/rubinsteyn_lab/rubinsteyn_lab/public/pirl/members/skpet/NUTM1_CTA/data/source_data/RNA/250115_UNC41-A00434_0803_AHNH2WDRX5/JCM1_Ctl1-Jensen_JCM1_Ctl1_TGATTATACG-TGTAATCGAC_S22_L001_R1_001.fastq.gz,/datastore/nextgenout5/share/labs/rubinsteyn_lab/rubinsteyn_lab/public/pirl/members/skpet/NUTM1_CTA/data/source_data/RNA/250115_UNC41-A00434_0803_AHNH2WDRX5/JCM1_Ctl1-Jensen_JCM1_Ctl1_TGATTATACG-TGTAATCGAC_S22_L001_R2_001.fastq.gz,auto
JCM1scram_rep1,/datastore/nextgenout5/share/labs/rubinsteyn_lab/rubinsteyn_lab/public/pirl/members/skpet/NUTM1_CTA/data/source_data/RNA/250115_UNC41-A00434_0803_AHNH2WDRX5/JCM1_Ctl1-Jensen_JCM1_Ctl1_TGATTATACG-TGTAATCGAC_S22_L002_R1_001.fastq.gz,/datastore/nextgenout5/share/labs/rubinsteyn_lab/rubinsteyn_lab/public/pirl/members/skpet/NUTM1_CTA/data/source_data/RNA/250115_UNC41-A00434_0803_AHNH2WDRX5/JCM1_Ctl1-Jensen_JCM1_Ctl1_TGATTATACG-TGTAATCGAC_S22_L002_R2_001.fastq.gz,auto
JCM1scram_rep2,/datastore/nextgenout5/share/labs/rubinsteyn_lab/rubinsteyn_lab/public/pirl/members/skpet/NUTM1_CTA/data/source_data/RNA/250115_UNC41-A00434_0803_AHNH2WDRX5/JCM1_Ctl2-Jensen_JCM1_Ctl2_CAGCCGCGTA-CACGGCTAGT_S23_L001_R1_001.fastq.gz,/datastore/nextgenout5/share/labs/rubinsteyn_lab/rubinsteyn_lab/public/pirl/members/skpet/NUTM1_CTA/data/source_data/RNA/250115_UNC41-A00434_0803_AHNH2WDRX5/JCM1_Ctl2-Jensen_JCM1_Ctl2_CAGCCGCGTA-CACGGCTAGT_S23_L001_R2_001.fastq.gz,auto
JCM1scram_rep2,/datastore/nextgenout5/share/labs/rubinsteyn_lab/rubinsteyn_lab/public/pirl/members/skpet/NUTM1_CTA/data/source_data/RNA/250115_UNC41-A00434_0803_AHNH2WDRX5/JCM1_Ctl2-Jensen_JCM1_Ctl2_CAGCCGCGTA-CACGGCTAGT_S23_L002_R1_001.fastq.gz,/datastore/nextgenout5/share/labs/rubinsteyn_lab/rubinsteyn_lab/public/pirl/members/skpet/NUTM1_CTA/data/source_data/RNA/250115_UNC41-A00434_0803_AHNH2WDRX5/JCM1_Ctl2-Jensen_JCM1_Ctl2_CAGCCGCGTA-CACGGCTAGT_S23_L002_R2_001.fastq.gz,auto
JCM1scram_rep3,/datastore/nextgenout5/share/labs/rubinsteyn_lab/rubinsteyn_lab/public/pirl/members/skpet/NUTM1_CTA/data/source_data/RNA/250115_UNC41-A00434_0803_AHNH2WDRX5/JCM1_Ctl3-Jensen_JCM1_Ctl3_ACCACGACAT-CCGCATACGA_S24_L001_R1_001.fastq.gz,/datastore/nextgenout5/share/labs/rubinsteyn_lab/rubinsteyn_lab/public/pirl/members/skpet/NUTM1_CTA/data/source_data/RNA/250115_UNC41-A00434_0803_AHNH2WDRX5/JCM1_Ctl3-Jensen_JCM1_Ctl3_ACCACGACAT-CCGCATACGA_S24_L001_R2_001.fastq.gz,auto
JCM1scram_rep3,/datastore/nextgenout5/share/labs/rubinsteyn_lab/rubinsteyn_lab/public/pirl/members/skpet/NUTM1_CTA/data/source_data/RNA/250115_UNC41-A00434_0803_AHNH2WDRX5/JCM1_Ctl3-Jensen_JCM1_Ctl3_ACCACGACAT-CCGCATACGA_S24_L002_R1_001.fastq.gz,/datastore/nextgenout5/share/labs/rubinsteyn_lab/rubinsteyn_lab/public/pirl/members/skpet/NUTM1_CTA/data/source_data/RNA/250115_UNC41-A00434_0803_AHNH2WDRX5/JCM1_Ctl3-Jensen_JCM1_Ctl3_ACCACGACAT-CCGCATACGA_S24_L002_R2_001.fastq.gz,auto
PER403scram_rep1,/datastore/nextgenout5/share/labs/rubinsteyn_lab/rubinsteyn_lab/public/pirl/members/skpet/NUTM1_CTA/data/source_data/RNA/250115_UNC41-A00434_0803_AHNH2WDRX5/PER403_Ctl1-Jensen_PER403_Ctl1_CCATCATTAG-AGAGGCAACC_S1_L001_R1_001.fastq.gz,/datastore/nextgenout5/share/labs/rubinsteyn_lab/rubinsteyn_lab/public/pirl/members/skpet/NUTM1_CTA/data/source_data/RNA/250115_UNC41-A00434_0803_AHNH2WDRX5/PER403_Ctl1-Jensen_PER403_Ctl1_CCATCATTAG-AGAGGCAACC_S1_L001_R2_001.fastq.gz,auto
PER403scram_rep1,/datastore/nextgenout5/share/labs/rubinsteyn_lab/rubinsteyn_lab/public/pirl/members/skpet/NUTM1_CTA/data/source_data/RNA/250115_UNC41-A00434_0803_AHNH2WDRX5/PER403_Ctl1-Jensen_PER403_Ctl1_CCATCATTAG-AGAGGCAACC_S1_L002_R1_001.fastq.gz,/datastore/nextgenout5/share/labs/rubinsteyn_lab/rubinsteyn_lab/public/pirl/members/skpet/NUTM1_CTA/data/source_data/RNA/250115_UNC41-A00434_0803_AHNH2WDRX5/PER403_Ctl1-Jensen_PER403_Ctl1_CCATCATTAG-AGAGGCAACC_S1_L002_R2_001.fastq.gz,auto
PER403scram_rep2,/datastore/nextgenout5/share/labs/rubinsteyn_lab/rubinsteyn_lab/public/pirl/members/skpet/NUTM1_CTA/data/source_data/RNA/250115_UNC41-A00434_0803_AHNH2WDRX5/PER403_Ctl2-Jensen_PER403_Ctl2_GATAGGCCGA-GCCATGTGCG_S2_L001_R1_001.fastq.gz,/datastore/nextgenout5/share/labs/rubinsteyn_lab/rubinsteyn_lab/public/pirl/members/skpet/NUTM1_CTA/data/source_data/RNA/250115_UNC41-A00434_0803_AHNH2WDRX5/PER403_Ctl2-Jensen_PER403_Ctl2_GATAGGCCGA-GCCATGTGCG_S2_L001_R2_001.fastq.gz,auto
PER403scram_rep2,/datastore/nextgenout5/share/labs/rubinsteyn_lab/rubinsteyn_lab/public/pirl/members/skpet/NUTM1_CTA/data/source_data/RNA/250115_UNC41-A00434_0803_AHNH2WDRX5/PER403_Ctl2-Jensen_PER403_Ctl2_GATAGGCCGA-GCCATGTGCG_S2_L002_R1_001.fastq.gz,/datastore/nextgenout5/share/labs/rubinsteyn_lab/rubinsteyn_lab/public/pirl/members/skpet/NUTM1_CTA/data/source_data/RNA/250115_UNC41-A00434_0803_AHNH2WDRX5/PER403_Ctl2-Jensen_PER403_Ctl2_GATAGGCCGA-GCCATGTGCG_S2_L002_R2_001.fastq.gz,auto
PER403scram_rep3,/datastore/nextgenout5/share/labs/rubinsteyn_lab/rubinsteyn_lab/public/pirl/members/skpet/NUTM1_CTA/data/source_data/RNA/250115_UNC41-A00434_0803_AHNH2WDRX5/PER403_Ctl3-Jensen_PER403_Ctl3_ATGGTTGACT-AGGACAGGCC_S3_L001_R1_001.fastq.gz,/datastore/nextgenout5/share/labs/rubinsteyn_lab/rubinsteyn_lab/public/pirl/members/skpet/NUTM1_CTA/data/source_data/RNA/250115_UNC41-A00434_0803_AHNH2WDRX5/PER403_Ctl3-Jensen_PER403_Ctl3_ATGGTTGACT-AGGACAGGCC_S3_L001_R2_001.fastq.gz,auto
PER403scram_rep3,/datastore/nextgenout5/share/labs/rubinsteyn_lab/rubinsteyn_lab/public/pirl/members/skpet/NUTM1_CTA/data/source_data/RNA/250115_UNC41-A00434_0803_AHNH2WDRX5/PER403_Ctl3-Jensen_PER403_Ctl3_ATGGTTGACT-AGGACAGGCC_S3_L002_R1_001.fastq.gz,/datastore/nextgenout5/share/labs/rubinsteyn_lab/rubinsteyn_lab/public/pirl/members/skpet/NUTM1_CTA/data/source_data/RNA/250115_UNC41-A00434_0803_AHNH2WDRX5/PER403_Ctl3-Jensen_PER403_Ctl3_ATGGTTGACT-AGGACAGGCC_S3_L002_R2_001.fastq.gz,auto
PDX,/datastore/nextgenout5/share/labs/rubinsteyn_lab/rubinsteyn_lab/public/pirl/members/skpet/NUTM1_CTA/data/source_data/RNA/250115_UNC41-A00434_0803_AHNH2WDRX5/PDX-Jensen_PDX_ACAGTGTATG-CCGTATGTTC_S25_L001_R1_001.fastq.gz,/datastore/nextgenout5/share/labs/rubinsteyn_lab/rubinsteyn_lab/public/pirl/members/skpet/NUTM1_CTA/data/source_data/RNA/250115_UNC41-A00434_0803_AHNH2WDRX5/PDX-Jensen_PDX_ACAGTGTATG-CCGTATGTTC_S25_L001_R2_001.fastq.gz,auto
PDX,/datastore/nextgenout5/share/labs/rubinsteyn_lab/rubinsteyn_lab/public/pirl/members/skpet/NUTM1_CTA/data/source_data/RNA/250115_UNC41-A00434_0803_AHNH2WDRX5/PDX-Jensen_PDX_ACAGTGTATG-CCGTATGTTC_S25_L002_R1_001.fastq.gz,/datastore/nextgenout5/share/labs/rubinsteyn_lab/rubinsteyn_lab/public/pirl/members/skpet/NUTM1_CTA/data/source_data/RNA/250115_UNC41-A00434_0803_AHNH2WDRX5/PDX-Jensen_PDX_ACAGTGTATG-CCGTATGTTC_S25_L002_R2_001.fastq.gz,auto
ERS327020,/datastore/nextgenout5/share/labs/Vincent_Lab/datasets/Fagerberg_MolCellProteo_2014/fastqs/rnaseq/ERS327020_1.fastq.gz,/datastore/nextgenout5/share/labs/Vincent_Lab/datasets/Fagerberg_MolCellProteo_2014/fastqs/rnaseq/ERS327020_2.fastq.gz,auto
ERS326948,/datastore/nextgenout5/share/labs/Vincent_Lab/datasets/Fagerberg_MolCellProteo_2014/fastqs/rnaseq/ERS326948_1.fastq.gz,/datastore/nextgenout5/share/labs/Vincent_Lab/datasets/Fagerberg_MolCellProteo_2014/fastqs/rnaseq/ERS326948_2.fastq.gz,auto
ERS327011,/datastore/nextgenout5/share/labs/Vincent_Lab/datasets/Fagerberg_MolCellProteo_2014/fastqs/rnaseq/ERS327011_1.fastq.gz,/datastore/nextgenout5/share/labs/Vincent_Lab/datasets/Fagerberg_MolCellProteo_2014/fastqs/rnaseq/ERS327011_2.fastq.gz,auto
ERS327010,/datastore/nextgenout5/share/labs/Vincent_Lab/datasets/Fagerberg_MolCellProteo_2014/fastqs/rnaseq/ERS327010_1.fastq.gz,/datastore/nextgenout5/share/labs/Vincent_Lab/datasets/Fagerberg_MolCellProteo_2014/fastqs/rnaseq/ERS327010_2.fastq.gz,auto
ERS326952,/datastore/nextgenout5/share/labs/Vincent_Lab/datasets/Fagerberg_MolCellProteo_2014/fastqs/rnaseq/ERS326952_1.fastq.gz,/datastore/nextgenout5/share/labs/Vincent_Lab/datasets/Fagerberg_MolCellProteo_2014/fastqs/rnaseq/ERS326952_2.fastq.gz,auto
